City_ID,City,Cloudiness,Country,Date,Humidity,Lat,Lng,Max Temp,Wind Speed
0,arraial do cabo,48,BR,1526180203,94,-22.97,-42.02,73.24,15.99
1,jiquipilas,75,MX,1526176620,69,16.67,-93.65,78.8,6.93
2,katobu,92,ID,1526180185,100,-4.94,122.53,78.55,2.68
3,esperance,20,TT,1526176800,78,10.24,-61.45,78.8,10.29
4,port alfred,8,ZA,1526180086,100,-33.59,26.89,61.0,8.05
5,barrow,0,AR,1526180190,88,-38.31,-60.23,41.47,2.57
6,nueva concepcion,12,GT,1526180478,92,14.2,-91.3,69.95,2.35
7,punta arenas,75,CL,1526176800,93,-53.16,-70.91,35.6,6.93
8,okhotsk,92,RU,1526180261,83,59.36,143.24,34.04,7.94
9,pacific grove,1,US,1526178900,76,36.62,-121.92,60.8,14.99
10,seoul,75,KR,1526178600,63,37.57,126.98,64.4,9.17
11,chicama,75,PE,1526176800,88,-7.84,-79.15,64.4,8.05
12,port macquarie,75,AU,1526176800,55,-31.43,152.91,64.4,18.34
13,souillac,92,FR,1526176800,93,45.6,-0.6,44.6,4.7
14,jamestown,0,AU,1526180173,65,-33.21,138.6,58.79,9.17
15,puerto ayora,12,EC,1526180123,99,-0.74,-90.35,76.25,8.28
16,saint anthony,90,US,1526177340,93,43.97,-111.68,46.4,5.82
17,santa fe,0,AR,1526180479,91,-31.62,-60.7,55.55,6.38
18,prescott,20,US,1526176380,31,34.54,-112.47,64.4,11.41
19,lazaro cardenas,40,MX,1526176320,17,28.39,-105.62,82.4,9.17
20,monte alto,92,BR,1526180479,91,-21.27,-48.5,70.27,2.24
21,georgetown,75,GY,1526176800,100,6.8,-58.16,75.2,4.7
22,faya,0,SA,1526176800,63,18.39,42.45,66.2,3.02
23,kodiak,1,US,1526176380,74,39.95,-94.76,78.8,11.41
24,gigmoto,20,PH,1526180479,95,13.78,124.39,85.39,6.04
25,vila franca do campo,75,PT,1526176800,72,37.72,-25.43,59.0,3.36
26,kahului,40,US,1526176560,74,20.89,-156.47,80.6,23.04
27,ushuaia,40,AR,1526176800,69,-54.81,-68.31,35.6,5.82
28,nantucket,90,US,1526179380,93,41.28,-70.1,51.8,8.05
29,kruisfontein,68,ZA,1526180208,96,-34.0,24.73,57.44,7.05
30,port hawkesbury,75,CA,1526176800,64,45.62,-61.36,39.2,3.36
31,narsaq,88,GL,1526179800,86,60.91,-46.05,30.2,6.93
32,lavrentiya,88,RU,1526180242,100,65.58,-170.99,29.27,9.4
33,nikolskoye,0,RU,1526178600,81,59.7,30.79,46.4,2.24
34,butaritari,92,KI,1526180148,100,3.07,172.79,79.4,5.03
35,knysna,0,ZA,1526176800,93,-34.04,23.05,50.0,1.12
36,batticaloa,12,LK,1526180480,100,7.71,81.69,80.89,3.69
37,jizan,0,SA,1526176800,75,16.89,42.56,89.6,5.82
38,east london,80,ZA,1526180185,100,-33.02,27.91,62.08,14.99
39,petawawa,1,CA,1526176800,79,45.89,-77.27,46.4,1.23
40,seddon,92,NZ,1526180481,100,-41.67,174.07,54.52,7.72
41,yantal,68,RU,1526180481,82,56.85,105.25,44.26,7.72
42,yellowknife,75,CA,1526176800,54,62.45,-114.38,53.6,19.46
43,mbandaka,92,CD,1526180481,100,0.05,18.26,70.85,4.81
44,kapaa,40,US,1526176560,74,22.08,-159.32,80.6,18.34
45,erzincan,90,TR,1526176200,87,39.75,39.49,50.0,6.93
46,norman wells,75,CA,1526176800,35,65.28,-126.83,57.2,12.75
47,thompson,90,CA,1526176800,30,55.74,-97.86,69.8,16.11
48,jiwani,0,PK,1526180481,94,25.05,61.74,81.7,4.47
49,khatanga,12,RU,1526180230,91,71.98,102.47,15.37,8.95
50,ponta do sol,88,BR,1526180241,70,-20.63,-46.0,69.82,2.46
51,tiksi,36,RU,1526180094,95,71.64,128.87,14.11,10.29
52,saint george,75,GR,1526176200,87,39.45,22.34,60.8,2.57
53,san quintin,20,PH,1526176800,66,17.54,120.52,89.6,6.93
54,busselton,76,AU,1526180094,97,-33.64,115.35,68.29,7.16
55,hermanus,76,ZA,1526180133,95,-34.42,19.24,50.65,2.68
56,mataura,8,NZ,1526180185,90,-46.19,168.86,50.15,5.03
57,taltal,0,CL,1526180482,90,-25.41,-70.49,47.68,1.34
58,constitucion,75,MX,1526175660,27,23.99,-104.67,75.2,5.82
59,atuona,44,PF,1526180195,100,-9.8,-139.03,79.54,17.78
60,bredasdorp,64,ZA,1526180216,100,-34.53,20.04,56.5,4.14
61,bambous virieux,40,MU,1526176800,73,-20.34,57.76,73.4,3.36
62,bluff,12,AU,1526180190,31,-23.58,149.07,72.34,9.17
63,sfantu gheorghe,0,RO,1526176800,93,44.65,26.83,51.8,2.24
64,qaanaaq,0,GL,1526180212,71,77.48,-69.36,6.01,5.7
65,tuktoyaktuk,75,CA,1526176800,85,69.44,-133.03,24.8,23.04
66,zhanaozen,0,KZ,1526180240,63,43.35,52.85,63.61,13.09
67,port elizabeth,40,US,1526179140,93,39.31,-74.98,64.4,5.82
68,avarua,75,CK,1526176800,69,-21.21,-159.78,77.0,16.11
69,selfoss,75,IS,1526176800,75,63.94,-21.0,44.6,3.36
70,margate,75,AU,1526179620,82,-43.03,147.26,55.4,10.29
71,hobart,75,AU,1526177280,76,-42.88,147.33,57.2,11.41
72,atar,0,MR,1526180265,35,20.52,-13.05,62.89,3.36
73,hithadhoo,88,MV,1526180194,100,-0.6,73.08,80.35,10.4
74,saskylakh,68,RU,1526180138,100,71.97,114.09,16.22,4.59
75,nalut,0,LY,1526180483,62,31.86,10.98,58.39,2.91
76,lufilufi,20,WS,1526176800,62,-13.87,-171.6,86.0,18.79
77,broome,90,GB,1526177460,93,52.47,1.45,51.8,9.17
78,chaman,92,AF,1526180484,31,30.92,66.46,68.38,3.36
79,albany,90,US,1526178780,93,42.65,-73.75,48.2,2.13
80,sao filipe,20,CV,1526180278,100,14.9,-24.5,69.14,10.29
81,hilo,90,US,1526176560,74,19.71,-155.08,78.8,9.17
82,cidreira,20,BR,1526180264,90,-30.17,-50.22,60.55,9.4
83,vanavara,92,RU,1526180484,73,60.35,102.28,38.32,9.73
84,ribeira grande,88,PT,1526180193,100,38.52,-28.7,61.81,9.4
85,necochea,8,AR,1526180059,100,-38.55,-58.74,48.49,5.7
86,airai,8,TL,1526180196,46,-8.93,125.41,83.86,3.47
87,cabo san lucas,75,MX,1526175780,41,22.89,-109.91,82.4,12.75
88,kefalos,0,GR,1526178000,59,36.75,26.96,60.8,9.17
89,torbay,40,CA,1526176800,80,47.66,-52.73,33.8,16.11
90,belmonte,0,PT,1526180485,75,40.36,-7.35,36.79,4.59
91,bethel,75,US,1526178660,70,60.79,-161.76,42.8,29.97
92,upernavik,92,GL,1526180222,100,72.79,-56.15,25.45,11.07
93,dikson,76,RU,1526180095,100,73.51,80.55,18.88,18.68
94,lorengau,68,PG,1526180295,100,-2.02,147.27,83.72,4.7
95,chegdomyn,92,RU,1526180485,95,51.13,133.04,47.86,3.47
96,hami,0,CN,1526180233,32,42.84,93.51,84.13,5.82
97,birjand,0,IR,1526176800,62,32.86,59.22,55.4,6.93
98,manavalakurichi,75,IN,1526178600,79,8.13,77.3,86.0,3.36
99,new norfolk,75,AU,1526177280,76,-42.78,147.06,57.2,11.41
100,saint-joseph,90,FR,1526176800,87,43.56,6.97,59.0,3.36
101,rikitea,24,PF,1526180186,100,-23.12,-134.97,79.49,7.16
102,dawei,44,MM,1526180486,81,14.07,98.19,82.15,1.9
103,port keats,0,AU,1526180486,47,-14.25,129.55,79.63,20.92
104,gizo,75,IL,1526178480,82,31.8,34.94,69.8,9.17
105,le port,92,FR,1526180487,100,42.87,1.37,27.43,1.9
106,haines junction,48,CA,1526180225,31,60.75,-137.51,39.89,2.91
107,vaini,8,IN,1526180186,82,15.34,74.49,78.37,3.36
108,saldanha,0,PT,1526180235,85,41.42,-6.55,36.07,4.47
109,sechura,0,PE,1526180487,84,-5.56,-80.82,69.55,9.73
110,chokurdakh,0,RU,1526180210,100,70.62,147.9,16.49,10.63
111,pryazha,12,RU,1526176800,75,61.69,33.62,44.6,2.91
112,pimentel,80,BR,1526180488,99,-3.7,-45.5,71.44,2.91
113,mar del plata,88,AR,1526179983,100,-46.43,-67.52,41.87,8.16
114,teahupoo,20,PF,1526178600,66,-17.83,-149.27,84.2,12.75
115,talnakh,36,RU,1526180218,91,69.49,88.39,13.48,5.37
116,saint-philippe,1,CA,1526177700,37,45.36,-73.48,55.4,2.24
117,kavieng,44,PG,1526180088,100,-2.57,150.8,85.25,7.49
118,alofi,80,NU,1526176800,61,-19.06,-169.92,78.8,19.46
119,kabanjahe,24,ID,1526180488,89,3.1,98.49,75.31,2.35
120,pevek,44,RU,1526180187,100,69.7,170.27,23.24,3.8
121,leshukonskoye,24,RU,1526180488,83,64.9,45.76,38.54,3.91
122,goderich,48,CA,1526180272,67,43.74,-81.71,46.64,4.36
123,kaitangata,20,NZ,1526180107,87,-46.28,169.85,49.66,4.36
124,baishishan,56,CN,1526180488,55,43.58,127.55,65.0,4.81
125,palmares do sul,0,BR,1526176800,93,-30.26,-50.51,60.8,4.7
126,odienne,12,CI,1526180489,93,9.51,-7.57,66.85,2.8
127,vardo,75,US,1526178900,77,39.62,-77.74,71.6,3.36
128,castro,92,CL,1526180254,98,-42.48,-73.76,53.26,9.4
129,komsomolskiy,92,RU,1526180219,96,67.55,63.78,30.85,16.11
130,guerrero negro,0,MX,1526180194,81,27.97,-114.04,61.0,8.05
131,vestmannaeyjar,0,IS,1526180201,93,63.44,-20.27,41.02,10.4
132,mahibadhoo,76,MV,1526180489,100,3.78,72.97,84.4,10.4
133,emerald,0,AU,1526180490,35,-23.53,148.16,71.08,9.73
134,cape town,0,ZA,1526176800,93,-33.93,18.42,57.2,6.93
135,saint-augustin,0,FR,1526176800,100,44.83,-0.61,41.0,2.24
136,marienburg,0,DE,1526176200,82,52.12,9.98,60.8,6.93
137,hualmay,32,PE,1526180490,99,-11.1,-77.61,62.17,4.03
138,cockburn town,88,TC,1526180239,99,21.46,-71.14,78.46,22.03
139,provideniya,92,RU,1526180133,100,64.42,-173.23,30.49,9.4
140,nelson bay,90,AU,1526178600,72,-32.72,152.14,62.6,19.46
141,koygorodok,64,RU,1526180491,49,60.44,51.01,45.97,4.36
142,half moon bay,20,US,1526176560,52,37.46,-122.43,71.6,8.05
143,brigantine,90,US,1526180100,93,39.41,-74.36,62.6,8.05
144,mahebourg,40,MU,1526176800,73,-20.41,57.7,73.4,3.36
145,touros,92,BR,1526180234,92,-5.2,-35.46,78.73,8.72
146,saint-pierre,90,FR,1526176800,93,48.95,4.24,50.0,16.11
147,christchurch,92,NZ,1526178600,81,-43.53,172.64,51.8,3.36
148,kautokeino,88,NO,1526180491,100,69.01,23.04,41.15,3.47
149,cap malheureux,40,MU,1526176800,73,-19.98,57.61,73.4,3.36
150,sur,0,OM,1526180308,80,22.57,59.53,86.69,14.2
151,lasa,75,CY,1526176800,88,34.92,32.53,62.6,5.82
152,havre,1,US,1526176380,58,48.55,-109.68,55.4,4.7
153,laguna,5,MX,1526175600,39,27.52,-110.01,82.4,3.36
154,beihai,0,CN,1526178600,68,38.95,121.19,66.2,8.95
155,tongliao,20,CN,1526180416,64,43.61,122.27,73.78,4.59
156,sitka,68,US,1526180201,47,37.17,-99.65,76.79,12.64
157,feni,48,BD,1526180492,97,23.02,91.41,80.89,7.49
158,iqaluit,90,CA,1526176800,85,63.75,-68.52,14.0,21.92
159,moron,56,VE,1526180273,91,10.49,-68.2,68.02,2.24
160,karpogory,0,RU,1526180492,73,64.0,44.44,43.9,4.03
161,ahipara,92,NZ,1526180493,93,-35.17,173.16,66.35,14.43
162,nabire,80,ID,1526180235,89,-3.36,135.5,76.25,2.68
163,igrim,20,RU,1526180493,71,63.19,64.42,35.39,5.03
164,linxia,0,CN,1526180493,41,35.6,103.21,67.21,3.58
165,boa vista,75,BR,1526180400,94,2.82,-60.67,77.0,5.82
166,kiunga,44,PG,1526180494,81,-6.12,141.3,83.09,2.8
167,solnechnyy,68,RU,1526180494,39,50.72,136.64,73.87,6.71
168,verkhoyansk,92,RU,1526180494,84,67.55,133.39,27.07,11.18
169,srednekolymsk,8,RU,1526180237,48,67.46,153.71,44.12,6.26
170,faanui,44,PF,1526180240,100,-16.48,-151.75,80.57,12.64
171,husavik,0,CA,1526180271,50,50.56,-96.99,53.98,10.63
172,fortuna,20,ES,1526176800,39,38.18,-1.13,62.6,5.82
173,maragogi,92,BR,1526180215,95,-9.01,-35.22,76.34,4.59
174,aklavik,90,CA,1526176800,86,68.22,-135.01,39.2,5.82
175,carnarvon,0,ZA,1526180207,77,-30.97,22.13,34.99,7.38
176,severo-kurilsk,0,RU,1526180217,90,50.68,156.12,41.2,3.47
177,naze,92,NG,1526180261,96,5.43,7.07,74.68,5.59
178,big spring,1,US,1526177700,35,32.25,-101.48,87.8,17.22
179,beboto,48,TD,1526180494,95,8.27,16.94,70.45,3.36
180,nome,1,US,1526177700,83,30.04,-94.42,77.0,5.82
181,ancud,92,CL,1526180276,98,-41.87,-73.83,53.89,9.4
182,erenhot,36,CN,1526180495,27,43.65,111.97,74.68,17.78
183,honningsvag,0,NO,1526180195,89,70.98,25.97,38.95,3.36
184,morro da fumaca,0,BR,1526180495,100,-28.65,-49.21,61.67,10.51
185,arnprior,20,CA,1526176800,28,45.44,-76.36,55.4,3.36
186,nanortalik,56,GL,1526180137,99,60.14,-45.24,32.24,6.38
187,ustyuzhna,0,RU,1526180495,71,58.84,36.43,54.02,2.68
188,dinar,0,TR,1526178000,93,38.07,30.16,42.8,3.36
189,chuy,0,UY,1526180116,100,-33.69,-53.46,52.09,10.63
190,bull savanna,0,JM,1526180236,77,17.89,-77.59,72.2,5.37
191,tuatapere,0,NZ,1526180309,100,-46.13,167.69,48.76,7.16
192,medicine hat,20,CA,1526176800,27,50.04,-110.68,64.4,0.78
193,ambon,12,FR,1526176800,93,47.55,-2.56,44.6,5.82
194,champerico,75,MX,1526176620,69,16.38,-93.6,78.8,6.93
195,rundu,92,NA,1526180496,43,-17.91,19.77,71.3,2.35
196,beidao,0,CN,1526180257,67,34.57,105.89,66.8,6.93
197,mount gambier,76,AU,1526180008,79,-37.83,140.78,57.17,4.59
198,flin flon,100,CA,1526179987,27,54.77,-101.88,68.24,11.63
199,victoria,75,BN,1526176800,70,5.28,115.24,87.8,4.7
200,emilio carranza,0,MX,1526180497,93,19.97,-96.61,74.68,4.03
201,geraldton,20,CA,1526176800,29,49.72,-86.95,51.8,9.17
202,sorland,92,NO,1526180273,94,67.67,12.69,45.43,4.7
203,cortes,44,PH,1526180497,66,9.28,126.19,88.27,1.68
204,namibe,0,AO,1526180153,100,-15.19,12.15,71.98,12.19
205,nongan,48,CN,1526176800,45,44.43,125.17,68.0,11.18
206,del rio,1,US,1526176500,40,29.36,-100.9,89.6,13.87
207,klaksvik,92,FO,1526178000,81,62.23,-6.59,42.8,3.36
208,moose factory,90,CA,1526176800,64,51.26,-80.61,35.6,8.05
209,sao felix do xingu,44,BR,1526180432,97,-6.64,-51.99,74.09,2.68
210,powell river,5,CA,1526176800,46,49.84,-124.52,75.2,10.29
211,muros,40,ES,1526176800,93,42.77,-9.06,44.6,5.82
212,ilula,56,TZ,1526180498,91,-7.68,36.04,60.46,4.59
213,coahuayana,44,MX,1526180281,71,18.62,-100.35,70.27,1.9
214,nanakuli,90,US,1526178960,69,21.39,-158.15,84.2,8.05
215,kavaratti,64,IN,1526180498,100,10.57,72.64,83.68,5.37
216,padmanabhapuram,75,IN,1526178600,79,8.25,77.33,86.0,3.36
217,chimbote,36,PE,1526180499,94,-9.08,-78.59,65.09,5.82
218,hailar,24,CN,1526180499,46,49.2,119.7,59.56,14.65
219,redlands,90,US,1526176680,55,34.06,-117.19,75.2,1.9
220,calama,0,CL,1526176800,11,-22.46,-68.93,42.8,19.46
221,hasaki,75,JP,1526178600,60,35.73,140.83,73.4,10.29
222,buenaventura,92,CO,1526180499,98,3.89,-77.07,66.62,2.91
223,oktyabrskiy,0,RU,1526178600,87,55.61,37.97,51.8,2.24
224,sorong,0,ID,1526180500,100,-0.86,131.25,84.35,3.69
225,abu kamal,8,SY,1526180500,83,34.45,40.92,54.34,2.8
226,marawi,44,PH,1526180309,73,8.0,124.29,80.75,3.13
227,luena,0,AO,1526180500,78,-11.78,19.91,61.67,2.8
228,kulhudhuffushi,56,MV,1526180500,100,6.62,73.07,82.51,10.4
229,ambilobe,88,MG,1526180500,74,-13.19,49.05,76.39,11.41
230,tasiilaq,92,GL,1526179800,74,65.61,-37.64,33.8,32.21
231,yulara,0,AU,1526176800,31,-25.24,130.99,60.8,14.99
232,suntar,0,RU,1526180500,38,62.16,117.65,41.15,4.25
233,nouadhibou,0,MR,1526176800,88,20.93,-17.03,62.6,11.41
234,rafaela,0,AR,1526180443,94,-31.25,-61.49,54.7,6.71
235,esso,24,RU,1526180501,88,55.93,158.7,39.85,2.13
236,vytegra,0,RU,1526180501,63,61.01,36.45,52.49,3.91
237,alice springs,0,AU,1526178600,27,-23.7,133.88,62.6,13.87
238,asekeyevo,0,RU,1526180501,69,53.57,52.8,46.69,8.72
239,roberval,75,CA,1526176800,42,48.51,-72.22,46.4,10.29
240,shelburne,1,CA,1526176800,35,44.08,-80.2,53.6,2.24
241,umm lajj,0,SA,1526180502,100,25.02,37.27,68.29,6.71
242,ust-omchug,64,RU,1526180502,57,61.13,149.63,44.62,7.49
243,xuddur,44,SO,1526180502,90,4.12,43.89,72.88,9.84
244,yelizovo,56,RU,1526178600,61,53.19,158.38,50.0,13.42
245,kaihua,80,CN,1526180503,96,29.14,118.41,71.39,3.36
246,rock sound,88,BS,1526180503,96,24.9,-76.2,79.99,14.54
247,san patricio,0,PY,1526180503,96,-26.98,-56.83,58.07,4.14
248,vila velha,20,BR,1526180400,94,-3.71,-38.6,78.8,3.36
249,dingle,20,PH,1526180239,95,11.0,122.67,83.95,6.93
250,davila,20,PH,1526176800,66,18.47,120.58,89.6,6.93
251,lompoc,1,US,1526178900,62,34.64,-120.46,64.4,8.05
252,krasnovishersk,36,RU,1526180503,80,60.4,57.08,37.06,4.36
253,viedma,76,AR,1526180159,88,-40.81,-62.99,44.62,3.13
254,isangel,44,VU,1526180205,98,-19.55,169.27,79.4,8.61
255,port lincoln,88,AU,1526180504,91,-34.72,135.86,61.54,6.6
256,puerto maldonado,0,PE,1526180504,76,-12.59,-69.19,70.81,2.35
257,lebu,0,ET,1526180192,73,8.96,38.73,45.16,4.14
258,hidrolandia,24,BR,1526180504,97,-4.41,-40.44,73.33,3.02
259,juegang,0,CN,1526180504,92,32.31,121.18,73.24,3.58
260,ochamchira,92,GE,1526180504,100,42.71,41.47,55.37,4.36
261,sao joao da barra,12,BR,1526180116,96,-21.64,-41.05,77.42,10.18
262,la paz,40,MX,1526175720,44,24.15,-110.32,75.2,13.87
263,evans,90,US,1526179080,93,40.38,-104.69,55.4,9.17
264,kaeo,76,NZ,1526180505,86,-35.1,173.78,67.25,13.76
265,bang saphan,20,TH,1526176800,70,11.21,99.51,87.8,1.12
266,pisco,0,PE,1526176800,82,-13.71,-76.2,66.2,10.29
267,faranah,88,GN,1526180505,85,10.04,-10.74,73.78,3.24
268,narasannapeta,8,IN,1526180506,72,18.42,84.04,89.89,6.38
269,tradate,75,IT,1526178000,82,45.71,8.91,62.6,3.36
270,ponta delgada,75,PT,1526176800,72,37.73,-25.67,59.0,3.36
271,broken hill,64,AU,1526180299,70,-31.97,141.45,57.31,12.53
272,la asuncion,76,EC,1526180506,93,-1.64,-78.74,47.59,1.34
273,auki,12,NG,1526180265,67,12.18,6.51,79.45,12.75
274,sri aman,75,MY,1526176800,83,1.24,111.46,82.4,3.36
275,kloulklubed,75,PW,1526176500,74,7.04,134.26,87.8,9.17
276,oyama,90,JP,1526176800,56,36.31,139.8,71.6,12.75
277,tura,0,IN,1526180227,92,25.52,90.21,78.91,3.13
278,prokhorovka,0,RU,1526178600,87,51.03,36.73,46.4,11.18
279,karasjok,100,NO,1526179800,81,69.47,25.52,42.8,3.36
280,kyren,20,RU,1526180507,86,51.68,102.13,46.64,1.9
281,pangnirtung,92,CA,1526180276,82,66.15,-65.72,17.08,6.6
282,vao,0,EE,1526180232,69,59.1,26.19,47.05,2.57
283,cururupu,92,BR,1526180507,100,-1.82,-44.87,75.22,6.6
284,inuvik,90,CA,1526176800,86,68.36,-133.71,39.2,5.82
285,tromso,40,NO,1526179800,87,69.65,18.96,42.8,2.24
286,shakawe,92,BW,1526180508,44,-18.36,21.84,67.34,2.91
287,ola,24,RU,1526178600,36,59.58,151.3,44.6,15.66
288,griffin,1,US,1526178900,68,33.25,-84.26,82.4,3.36
289,eureka,90,US,1526178900,100,40.8,-124.16,57.2,9.17
290,longyearbyen,75,NO,1526176200,86,78.22,15.63,33.8,2.24
291,kindu,8,CD,1526180289,99,-2.95,25.92,70.9,2.68
292,kandrian,64,PG,1526180508,69,-6.21,149.55,86.92,4.14
293,lagoa,0,PT,1526176800,50,37.14,-8.45,53.6,14.99
294,lujan,80,AR,1526180508,94,-46.57,-67.67,35.26,7.16
295,santa cruz del sur,48,CU,1526180509,99,20.71,-78.0,71.39,3.13
296,salinopolis,36,BR,1526180292,100,-0.61,-47.36,79.67,9.95
297,somogyvar,44,HU,1526180509,78,46.58,17.66,61.27,4.14
298,high prairie,0,CA,1526180509,37,55.43,-116.48,64.51,8.72
299,mosquera,75,CO,1526176800,82,4.71,-74.23,55.4,4.7
300,chengde,0,CN,1526180509,69,40.97,117.93,70.4,3.69
301,road town,1,VG,1526176380,83,18.42,-64.62,78.8,12.75
302,soyo,92,AO,1526180510,99,-6.13,12.37,73.33,2.91
303,teguise,0,ES,1526180035,94,29.06,-13.56,63.34,22.48
304,bolshaya martynovka,92,RU,1526180510,51,47.27,41.67,56.32,9.17
305,sesheke,12,NA,1526180510,73,-17.47,24.29,57.85,2.8
306,arteche,92,PH,1526180510,100,12.27,125.37,79.22,4.7
307,juba,0,EE,1526179800,70,57.82,26.93,48.2,1.12
308,mtwara,36,TZ,1526180510,100,-10.28,40.18,79.45,7.27
309,batouri,92,CM,1526180511,96,4.44,14.36,65.54,2.91
310,tual,76,ID,1526180124,100,-5.67,132.75,82.15,11.74
311,katsuura,90,JP,1526179380,93,33.93,134.5,69.8,5.82
312,sinnamary,100,GF,1526180286,100,5.38,-52.96,77.2,7.61
313,san lazaro,75,BZ,1526176320,78,18.04,-88.66,82.4,11.41
314,sosnovo-ozerskoye,92,RU,1526180511,100,52.53,111.54,47.09,7.94
315,mbalmayo,75,CM,1526176800,100,3.52,11.5,66.2,2.91
316,midland,32,US,1526177700,33,32.0,-102.08,89.6,24.16
317,westport,92,IE,1526180209,100,53.8,-9.52,47.09,11.18
318,los llanos de aridane,0,ES,1526176800,82,28.66,-17.92,64.4,19.46
319,ilulissat,88,GL,1526179800,44,69.22,-51.1,39.2,17.22
320,valeni,32,RO,1526180512,63,46.59,28.06,52.4,5.26
321,adrar,0,DZ,1526176800,13,27.87,-0.29,77.0,10.29
322,labuhan,68,ID,1526180512,83,-2.54,115.51,82.33,3.36
323,buala,88,SB,1526180139,100,-8.15,159.59,79.49,2.68
324,bagotville,0,AU,1526180512,100,-28.98,153.42,67.3,9.95
325,mana,0,RS,1526176800,82,43.52,20.24,57.2,4.7
326,siteki,0,SZ,1526180513,88,-26.45,31.95,57.22,4.14
327,nisia floresta,20,BR,1526176800,88,-6.09,-35.21,77.0,3.36
328,urengoy,48,RU,1526180513,99,65.96,78.37,14.83,9.4
329,guilin,90,CN,1526176800,94,25.28,110.29,75.2,3.69
330,nairobi,75,KE,1526176800,100,-1.28,36.82,62.6,8.05
331,paracuru,20,BR,1526180400,94,-3.41,-39.03,78.8,3.36
332,coquimbo,90,CL,1526176800,87,-29.95,-71.34,55.4,6.93
333,erbaa,0,TR,1526176200,93,40.67,36.56,44.6,1.68
334,padang,12,ID,1526180514,100,-0.92,100.36,82.24,1.34
335,santa rosa,0,AR,1526180516,90,-36.62,-64.29,52.72,9.17
336,henties bay,8,NA,1526180516,100,-22.12,14.28,56.54,5.82
337,son la,80,VN,1526180516,98,21.32,103.9,69.05,1.68
338,sehithwa,0,BW,1526180516,65,-20.47,22.7,57.4,5.26
339,wagar,44,US,1526180517,45,31.44,-87.99,81.25,5.7
340,priladozhskiy,0,RU,1526178600,81,59.85,31.48,46.4,2.24
341,muisne,100,EC,1526180517,96,0.61,-80.02,74.59,2.68
342,calatayud,0,ES,1526176800,40,41.35,-1.64,51.8,6.93
343,agadez,88,NE,1526180517,17,16.97,7.99,86.6,10.96
344,manggar,88,ID,1526180517,79,-2.88,108.27,87.32,11.63
345,aswan,0,EG,1526180517,44,24.09,32.9,69.59,4.7
346,sisimiut,0,GL,1526180518,99,66.94,-53.67,20.32,0.89
347,rio gallegos,75,AR,1526176800,93,-51.62,-69.22,37.4,5.82
348,velventos,48,GR,1526180518,92,40.25,22.06,49.7,1.68
349,hobyo,48,SO,1526180234,91,5.35,48.53,81.07,9.06
350,usinsk,88,RU,1526180295,93,66.0,57.56,35.39,10.29
351,chalus,90,IR,1526176800,93,36.66,51.42,62.6,9.17
352,fort saint james,0,CA,1526180518,47,54.43,-124.25,62.26,4.36
353,monroe,90,US,1526179440,93,41.91,-83.4,50.0,6.71
354,stromness,75,CA,1526176800,45,42.87,-79.55,55.4,2.24
355,dalby,0,AU,1526176800,37,-27.18,151.26,66.2,13.87
356,corowa,0,AU,1526176800,39,-36.0,146.39,66.2,10.29
357,ostrovnoy,92,RU,1526180304,90,68.05,39.51,36.74,10.29
358,pilar,0,AR,1526176800,93,-34.46,-58.91,60.8,2.68
359,marsh harbour,92,BS,1526180220,98,26.54,-77.06,77.92,11.74
360,gao,88,ML,1526180519,23,16.28,-0.04,88.0,6.93
361,mitu,32,IR,1526180280,86,36.2,46.09,38.0,2.13
362,naryan-mar,76,RU,1526180520,95,67.67,53.09,33.77,20.13
363,trinidad,8,UY,1526180520,87,-33.52,-56.9,46.64,2.91
364,berlevag,8,NO,1526180037,100,70.86,29.09,34.9,2.68
365,lata,48,IN,1526180244,88,30.78,78.62,57.76,2.01
366,gua musang,44,MY,1526180520,83,4.88,101.97,79.94,1.79
367,coro,24,VE,1526180520,84,11.41,-69.67,78.46,11.63
368,nakkila,0,FI,1526179800,87,61.37,22.0,42.8,1.12
369,salalah,20,OM,1526176200,83,17.01,54.1,82.4,6.26
370,dunedin,80,NZ,1526180457,87,-45.87,170.5,47.95,3.8
371,orda,0,RU,1526180256,51,57.2,56.91,40.34,4.7
372,karratha,0,AU,1526180262,13,-20.74,116.85,80.71,19.01
373,hamilton,75,CA,1526176800,45,43.26,-79.87,53.6,2.24
374,mlonggo,32,ID,1526180521,87,-6.53,110.7,85.12,5.26
375,mulege,0,MX,1526180521,64,26.88,-111.98,71.75,1.68
376,luderitz,80,NA,1526180229,96,-26.65,15.16,57.58,6.71
377,kijang,75,KR,1526176800,83,35.24,129.21,69.8,6.93
378,karakol,88,KG,1526180521,100,42.49,78.39,46.24,2.01
379,slupsk,0,PL,1526180522,70,54.46,17.03,56.14,8.16
380,padilla,75,CO,1526176800,100,3.23,-76.31,68.0,3.36
381,tarko-sale,32,RU,1526180522,100,64.92,77.78,19.51,8.72
382,syracuse,40,US,1526180160,100,43.05,-76.15,48.2,1.57
383,jonkoping,90,SE,1526179800,100,57.78,14.16,53.6,2.24
384,hewitt,5,US,1526177700,61,31.46,-97.2,82.4,4.7
385,bastrop,1,US,1526178900,100,32.78,-91.91,75.2,8.61
386,mathathane,0,BW,1526180523,63,-22.27,28.75,52.36,3.58
387,amasya,20,TR,1526178000,80,40.65,35.83,35.6,1.12
388,zonguldak,0,TR,1526180438,96,41.25,31.83,46.6,4.25
389,taoudenni,0,ML,1526180120,23,22.68,-3.98,65.72,2.68
390,chumikan,32,RU,1526180211,57,54.72,135.31,47.27,4.14
391,halifax,75,CA,1526176800,70,44.65,-63.58,42.8,4.7
392,baruun-urt,92,MN,1526180523,34,46.68,113.28,66.8,23.04
393,seymchan,32,RU,1526180523,86,62.93,152.39,39.85,4.92
394,miraflores,92,CO,1526180524,100,5.2,-73.14,52.54,0.89
395,kalanwali,64,IN,1526180524,66,29.83,74.98,79.67,5.37
396,grand gaube,40,MU,1526176800,73,-20.01,57.66,73.4,3.36
397,rypefjord,0,NO,1526179800,75,70.63,23.67,42.8,10.29
398,svetlogorsk,20,RU,1526178600,51,53.14,59.15,39.2,8.95
399,axim,92,GH,1526180524,100,4.87,-2.24,80.44,12.75
400,masallatah,0,LY,1526180525,87,32.62,14.0,50.83,2.57
401,shimoda,90,JP,1526178540,88,34.7,138.93,71.6,3.36
402,wahiawa,90,US,1526178960,69,21.5,-158.02,84.2,8.05
403,nerchinskiy zavod,88,RU,1526180525,75,51.31,119.61,42.01,11.18
404,wladyslawowo,0,PL,1526178600,93,54.79,18.4,48.2,1.12
405,roald,68,NO,1526179800,100,62.58,6.12,48.2,10.29
406,kundiawa,64,PG,1526180526,97,-6.02,144.97,64.78,2.13
407,meadow lake,0,CA,1526180526,25,54.13,-108.44,69.91,10.74
408,lakes entrance,92,AU,1526180526,98,-37.88,147.99,57.44,11.41
409,povenets,20,RU,1526180526,80,62.85,34.83,48.44,2.13
410,sharkan,0,RU,1526180526,53,57.3,53.87,41.65,4.7
411,college,75,US,1526176380,33,64.86,-147.8,57.2,10.29
412,oranjestad,40,AW,1526176800,83,12.52,-70.03,80.6,20.8
413,brae,68,GB,1526179800,81,60.4,-1.35,50.0,19.46
414,roma,0,IT,1526178000,93,41.89,12.48,60.8,4.7
415,bilma,0,NE,1526180229,13,18.69,12.92,80.62,9.84
416,sergeyevka,0,KZ,1526180527,73,53.88,67.42,38.09,15.43
417,acari,44,BR,1526180527,95,-6.44,-36.64,72.02,7.49
418,guanambi,0,BR,1526180475,87,-14.22,-42.78,63.52,5.59
419,inirida,48,CO,1526180527,99,3.87,-67.92,70.85,2.13
420,wanxian,12,CN,1526180527,77,30.8,108.39,73.96,3.24
421,nefteyugansk,75,RU,1526178600,86,61.09,72.61,32.0,11.18
422,sangamner,0,IN,1526180528,49,19.57,74.2,83.9,9.84
423,aksarka,80,RU,1526180528,96,66.56,67.8,24.14,14.88
424,kargopol,0,RU,1526180528,77,61.51,38.95,55.19,4.14
425,san pedro de macoris,75,DO,1526176800,94,18.46,-69.3,73.4,8.05
426,port blair,0,IN,1526180302,100,11.67,92.75,84.76,4.47
427,tank,48,PK,1526180529,70,32.22,70.39,72.7,2.35
428,pimenta bueno,24,BR,1526180529,81,-11.68,-61.19,75.67,3.36
429,banes,75,CU,1526176260,83,20.96,-75.72,75.2,4.7
430,mehamn,8,NO,1526180207,86,71.03,27.85,36.25,2.8
431,weihai,12,CN,1526180529,90,37.5,122.11,57.44,6.93
432,arlit,76,NE,1526180529,17,18.74,7.39,85.03,9.95
433,lumeje,0,AO,1526180529,79,-11.56,20.78,65.72,2.13
434,stokmarknes,76,NO,1526180530,88,68.56,14.91,45.61,3.36
435,soledade,64,BR,1526180530,89,-7.06,-36.37,71.75,7.38
436,ilhabela,64,BR,1526180481,99,-23.78,-45.36,72.65,6.49
437,vanimo,12,PG,1526180193,100,-2.67,141.3,83.23,7.61
438,mandalgovi,8,MN,1526180283,43,45.76,106.27,71.39,13.98
439,magadan,24,RU,1526178600,36,59.56,150.8,44.6,15.66
440,ossora,80,RU,1526180530,96,59.24,163.07,33.95,5.48
441,te anau,12,NZ,1526180110,88,-45.41,167.72,45.7,3.47
442,san bartolome,20,PH,1526176800,55,14.71,121.03,91.4,6.93
443,taksimo,76,RU,1526180293,62,56.36,114.84,43.49,3.02
444,batemans bay,92,AU,1526180067,100,-35.71,150.18,57.31,12.75
445,talcahuano,90,CL,1526176800,93,-36.72,-73.12,55.4,8.05
446,vilyuysk,24,RU,1526180531,46,63.75,121.63,38.77,5.48
447,yilan,40,TW,1526178600,62,24.75,121.75,89.6,4.7
448,puri,0,ID,1526180531,73,-7.54,112.45,84.31,4.59
449,mirzapur,24,IN,1526180531,46,25.15,82.57,91.82,13.2
450,astoria,1,US,1526180100,87,46.19,-123.83,57.2,4.7
451,inhambane,0,MZ,1526180249,100,-23.87,35.38,67.39,3.36
452,arona,75,IT,1526178000,82,45.76,8.56,62.6,3.36
453,bin qirdan,0,TN,1526180532,83,33.14,11.22,61.22,3.58
454,egvekinot,24,RU,1526180532,89,66.32,-179.17,30.67,3.24
455,yenagoa,92,NG,1526180532,90,4.92,6.26,77.11,8.16
456,dwarka,0,IN,1526178600,52,28.58,77.04,89.6,5.82
457,waddan,0,LY,1526180532,82,29.16,16.14,59.15,2.8
458,ketchikan,75,US,1526176560,82,55.34,-131.65,59.0,8.05
459,athabasca,0,CA,1526180260,33,54.72,-113.29,66.22,12.41
460,mamallapuram,8,IN,1526178600,66,12.63,80.17,89.6,11.41
461,ayan,76,TR,1526180533,94,40.67,33.6,39.85,2.57
462,altay,80,CN,1526180533,96,47.83,88.13,43.27,2.8
463,saint-denis,90,FR,1526176800,81,48.94,2.36,50.0,10.29
464,namatanai,24,PG,1526180533,100,-3.66,152.44,83.14,3.36
465,antalaha,88,MG,1526180273,97,-14.9,50.28,74.5,7.38
466,luis correia,24,BR,1526180534,94,-2.88,-41.67,77.2,8.28
467,iroquois falls,5,CA,1526176800,52,48.76,-80.69,44.6,2.24
468,fairhope,1,US,1526178900,100,30.52,-87.9,80.6,7.16
469,hay river,90,CA,1526176800,66,60.82,-115.79,50.0,19.46
470,amazar,92,RU,1526180534,82,53.86,120.88,41.11,7.61
471,narsimhapur,0,IN,1526180534,65,17.14,74.26,78.64,4.36
472,xinyang,0,CN,1526180534,62,32.13,114.07,83.54,11.63
473,tautira,20,PF,1526176800,62,-17.73,-149.15,84.2,13.87
474,ternate,20,PH,1526176800,55,14.29,120.72,91.4,6.93
475,hirara,75,JP,1526176800,74,24.8,125.28,80.6,9.17
476,havre-saint-pierre,75,CA,1526176800,74,50.23,-63.6,35.6,9.17
477,thinadhoo,48,MV,1526180110,100,0.53,72.93,82.37,9.62
478,vagur,92,FO,1526180535,97,61.47,-6.81,46.96,14.76
479,campo grande,0,BR,1526176800,93,-20.46,-54.62,60.8,5.82
480,tanete,64,ID,1526180536,79,-3.94,119.78,83.99,11.18
481,springbok,68,ZA,1526180536,78,-29.67,17.88,38.72,3.02
482,yermakovskoye,44,RU,1526180536,62,53.28,92.4,48.13,11.86
483,san vicente,40,SV,1526176200,88,13.64,-88.78,82.4,8.05
484,mangai,48,CD,1526180537,93,-4.07,19.59,73.82,2.91
485,khromtau,0,KZ,1526180538,47,50.26,58.44,52.99,13.2
486,meulaboh,0,ID,1526180538,100,4.14,96.13,83.72,2.57
487,post falls,1,US,1526176680,27,47.71,-116.95,77.0,8.05
488,oxbow,20,CA,1526176800,33,49.23,-102.17,59.0,5.82
489,vanderhoof,0,CA,1526180538,54,54.02,-124.02,63.29,3.47
490,cassia,1,US,1526176560,78,28.89,-81.47,73.4,3.36
491,kirakira,80,SB,1526180186,100,-10.46,161.92,79.45,11.07
492,hun,75,BE,1526179800,93,50.34,4.87,57.2,9.17
493,launceston,75,AU,1526178600,66,-41.43,147.14,55.4,16.11
494,poum,8,MK,1526180539,93,41.28,20.71,44.8,1.9
495,normandin,75,CA,1526176800,42,48.84,-72.53,46.4,10.29
496,kangaatsiaq,8,GL,1526180539,85,68.31,-53.46,32.65,15.55
497,zhuanghe,32,CN,1526180540,78,39.7,122.97,59.74,9.17
498,mogadishu,80,SO,1526180413,100,2.04,45.34,80.53,13.76
499,san cristobal,40,EC,1526176800,82,-0.39,-78.55,55.4,4.7
500,sale,92,GB,1526179800,93,53.42,-2.32,48.2,4.14
501,bani,12,PH,1526180540,93,15.89,120.27,83.32,3.47
502,batagay-alyta,88,RU,1526180540,86,67.8,130.41,21.31,11.86
503,beringovskiy,0,RU,1526180189,97,63.05,179.32,31.75,6.26
504,biak,56,ID,1526180541,82,-0.91,122.88,84.58,3.13
505,storm lake,90,US,1526178900,100,42.64,-95.21,51.8,14.99
506,preobrazheniye,0,RU,1526180541,48,42.9,133.91,68.47,0.56
507,balakliya,0,UA,1526178600,76,49.46,36.86,48.2,13.42
508,flinders,90,AU,1526176800,52,-34.58,150.85,64.4,21.92
509,marica,75,BR,1526176800,78,-22.92,-42.82,77.0,6.93
510,rockland,90,US,1526179380,100,42.13,-70.92,51.8,4.7
511,jashpurnagar,0,IN,1526180542,46,22.88,84.14,86.24,4.25
512,tooele,1,US,1526177700,57,40.53,-112.3,55.4,11.41
513,victor harbor,20,AU,1526178600,55,-35.55,138.62,62.6,9.17
514,abu dhabi,24,AE,1526176800,16,24.47,54.37,95.0,12.75
515,ixtapa,75,MX,1526175720,74,20.71,-105.21,80.6,5.82
516,puerto madero,0,AR,1526176800,77,-34.61,-58.36,60.8,1.12
517,acapulco,75,MX,1526176080,78,16.86,-99.88,82.4,6.93
518,sambava,92,MG,1526180228,100,-14.27,50.17,75.35,10.96
519,codrington,0,AU,1526180186,66,-28.95,153.24,67.03,3.69
520,caxito,80,BR,1526180543,93,-22.65,-42.51,69.95,7.94
521,kathu,0,ZA,1526180543,71,-27.7,23.05,34.72,2.91
522,belyy yar,0,RU,1526178600,37,53.6,91.39,51.8,11.18
523,pavino,0,RU,1526178600,65,55.02,82.61,46.4,4.47
524,beian,75,NO,1526176200,93,63.66,9.57,46.4,2.24
525,tessalit,0,ML,1526180287,23,20.2,1.01,65.95,6.26
526,shingu,75,JP,1526178420,94,33.72,135.99,69.8,16.11
527,nioro,0,GM,1526180272,47,13.79,-15.05,76.07,10.63
528,ulkan,76,RU,1526180544,88,57.24,107.32,43.85,5.03
529,krasnoslobodsk,0,RU,1526180544,61,54.42,43.79,51.05,3.13
530,ocean city,1,US,1526176560,57,30.44,-86.61,82.4,8.61
531,ostersund,12,SE,1526178000,100,63.18,14.64,48.2,2.24
532,wajima,75,JP,1526176800,93,37.4,136.9,57.2,5.82
